STATE,DISTRICT,MARGIN
New York,19,25.0
American Samoa,41,25.0
North Carolina,34,25.0
Kentucky,39,25.0
New Hampshire,4,25.0
Washington,7,25.0
Arkansas,32,25.0
Iowa,18,25.0
Maryland,28,25.0
Oregon,0,25.0
Wyoming,9,25.0
Alaska,48,25.0
Hawaii,32,25.0
Alaska,1,25.0
Louisiana,19,25.0
Tennessee,50,25.0
Virginia,10,25.0
Rhode Island,46,25.0
Texas,35,25.0
Arizona,24,25.0
California,43,25.0
Idaho,29,25.0
Montana,20,25.0
Vermont,10,25.0
Tennessee,1,25.0
New Mexico,35,25.0
Florida,32,25.0
Nevada,50,25.0
Illinois,36,25.0
South Carolina,36,25.0
American Samoa,32,25.0
North Carolina,43,25.0
Kansas,47,25.0
Washington,28,25.0
Michigan,22,25.0
Arkansas,41,25.0
Iowa,13,25.0
Maryland,21,25.0
Oregon,11,25.0
Mississippi,48,25.0
Virgin Islands,20,25.0
Alabama,50,25.0
Wyoming,16,25.0
Hawaii,41,25.0
Alaska,8,25.0
Massachusetts,19,25.0
Louisiana,20,25.0
Tennessee,9,25.0
Connecticut,52,25.0
Rhode Island,37,25.0
Texas,42,25.0
Arizona,1,25.0
California,34,25.0
Idaho,6,25.0
Montana,45,25.0
Vermont,5,25.0
New Mexico,40,25.0
Florida,41,25.0
Utah,33,25.0
Nevada,11,25.0
Illinois,35,25.0
South Carolina,45,25.0
Georgia,16,25.0
North Carolina,48,25.0
Pennsylvania,19,25.0
Washington,21,25.0
Arkansas,18,25.0
Iowa,4,25.0
Maryland,18,25.0
Mississippi,15,25.0
Virgin Islands,31,25.0
Northern Mariana Islands,50,25.0
Wyoming,23,25.0
Georgia,8,25.0
Hawaii,50,25.0
Alaska,15,25.0
Missouri,48,25.0
Massachusetts,24,25.0
Louisiana,29,25.0
Tennessee,0,25.0
Connecticut,47,25.0
Texas,45,25.0
Arizona,10,25.0
Idaho,15,25.0
Montana,38,25.0
New Mexico,17,25.0
Florida,50,25.0
Utah,40,25.0
Nevada,0,25.0
Illinois,42,25.0
South Carolina,50,25.0
North Dakota,22,25.0
Missouri,21,25.0
North Dakota,29,25.0
Guam,5,25.0
Washington,42,25.0
Arkansas,27,25.0
Maryland,11,25.0
South Carolina,53,25.0
Mississippi,6,25.0
Virgin Islands,6,25.0
Wyoming,30,25.0
Missouri,14,25.0
Guam,50,25.0
Massachusetts,1,25.0
Tennessee,7,25.0
New Jersey,35,25.0
Connecticut,38,25.0
Alaska,38,25.0
Michigan,39,25.0
Texas,52,25.0
Arizona,51,25.0
Idaho,8,25.0
New York,20,25.0
Massachusetts,49,25.0
Colorado,32,25.0
New Mexico,22,25.0
Utah,51,25.0
District of Columbia,43,25.0
Nevada,25,25.0
Illinois,17,25.0
Minnesota,16,25.0
Oklahoma,8,25.0
North Carolina,6,25.0
Kansas,52,25.0
Maine,52,25.0
New Hampshire,40,25.0
Washington,35,25.0
Arkansas,4,25.0
Maryland,0,25.0
Mississippi,29,25.0
Virgin Islands,9,25.0
Northern Mariana Islands,32,25.0
Nebraska,50,25.0
Massachusetts,6,25.0
Tennessee,30,25.0
Connecticut,33,25.0
Rhode Island,50,25.0
Michigan,46,25.0
Arizona,52,25.0
Alaska,39,25.0
Montana,48,25.0
Vermont,46,25.0
New Mexico,31,25.0
Florida,4,25.0
District of Columbia,32,25.0
Nevada,30,25.0
Illinois,24,25.0
South Carolina,0,25.0
Oklahoma,7,25.0
Ohio,30,25.0
North Carolina,15,25.0
Kansas,45,25.0
New Hampshire,33,25.0
Arkansas,13,25.0
Iowa,49,25.0
Indiana,27,25.0
Mississippi,20,25.0
Virgin Islands,48,25.0
Northern Mariana Islands,39,25.0
Pennsylvania,5,25.0
Alaska,36,25.0
Massachusetts,15,25.0
West Virginia,40,25.0
Tennessee,21,25.0
Rhode Island,9,25.0
Michigan,41,25.0
Hawaii,31,25.0
Georgia,43,25.0
Vermont,41,25.0
New Hampshire,37,25.0
Wisconsin,24,25.0
New Mexico,4,25.0
Florida,13,25.0
Guam,22,25.0
Nevada,23,25.0
Illinois,7,25.0
South Carolina,9,25.0
Oklahoma,30,25.0
Ohio,25,25.0
North Carolina,20,25.0
New York,40,25.0
Kansas,34,25.0
Maine,38,25.0
Nebraska,12,25.0
Washington,49,25.0
Iowa,40,25.0
Indiana,18,25.0
Mississippi,19,25.0
Northern Mariana Islands,46,25.0
Delaware,13,25.0
Alaska,43,25.0
Massachusetts,52,25.0
West Virginia,33,25.0
Minnesota,23,25.0
New York,7,25.0
Massachusetts,0,25.0
Rhode Island,0,25.0
Michigan,48,25.0
Minnesota,39,25.0
Arizona,38,25.0
Missouri,1,25.0
Vermont,32,25.0
Tennessee,24,25.0
Wisconsin,31,25.0
New Mexico,13,25.0
Florida,22,25.0
Utah,4,25.0
Alabama,7,25.0
Illinois,14,25.0
South Carolina,14,25.0
Minnesota,42,25.0
Ohio,16,25.0
North Carolina,29,25.0
Kansas,27,25.0
Maine,33,25.0
Kansas,36,25.0
Colorado,28,25.0
Minnesota,10,25.0
Iowa,35,25.0
Maryland,47,25.0
Indiana,9,25.0
Virgin Islands,34,25.0
Northern Mariana Islands,21,25.0
South Dakota,47,25.0
Delaware,6,25.0
Virginia,44,25.0
West Virginia,26,25.0
Wisconsin,34,25.0
Pennsylvania,49,25.0
Rhode Island,31,25.0
Pennsylvania,46,25.0
Arizona,47,25.0
Kentucky,30,25.0
Wisconsin,22,25.0
Florida,31,25.0
Utah,15,25.0
District of Columbia,15,25.0
South Carolina,23,25.0
Oklahoma,44,25.0
Ohio,11,25.0
Georgia,31,25.0
North Carolina,26,25.0
Kansas,16,25.0
Maine,40,25.0
North Dakota,43,25.0
Pennsylvania,20,25.0
Maryland,36,25.0
Indiana,0,25.0
Virgin Islands,37,25.0
Northern Mariana Islands,28,25.0
South Dakota,32,25.0
Delaware,31,25.0
Massachusetts,34,25.0
Georgia,36,25.0
Rhode Island,22,25.0
Pennsylvania,23,25.0
American Samoa,25,25.0
Kentucky,23,25.0
Wisconsin,13,25.0
Florida,24,25.0
Utah,22,25.0
District of Columbia,4,25.0
South Carolina,28,25.0
Oklahoma,43,25.0
Missouri,28,25.0
Oregon,48,25.0
Kansas,9,25.0
Maine,19,25.0
Alabama,13,25.0
Guam,43,25.0
Guam,12,25.0
Louisiana,35,25.0
Indiana,7,25.0
Virginia,2,25.0
Virgin Islands,44,25.0
Northern Mariana Islands,3,25.0
Delaware,16,25.0
California,27,25.0
Massachusetts,43,25.0
West Virginia,20,25.0
New Jersey,24,25.0
Nebraska,34,25.0
Pennsylvania,24,25.0
American Samoa,16,25.0
Kentucky,8,25.0
Wisconsin,4,25.0
Utah,25,25.0
District of Columbia,29,25.0
Minnesota,25,25.0
Minnesota,29,25.0
Kansas,14,25.0
Maine,26,25.0
Colorado,21,25.0
Wyoming,32,25.0
Georgia,0,25.0
Louisiana,36,25.0
North Dakota,40,25.0
South Dakota,50,25.0
Delaware,41,25.0
California,18,25.0
West Virginia,13,25.0
Michigan,20,25.0
American Samoa,11,25.0
Kentucky,1,25.0
District of Columbia,26,25.0
Minnesota,6,25.0
Ohio,52,25.0
Oregon,34,25.0
Kansas,7,25.0
Maine,5,25.0
Alabama,27,25.0
Wyoming,39,25.0
Alabama,37,25.0
Hawaii,2,25.0
New York,8,25.0
Georgia,53,25.0
Indiana,53,25.0
Connecticut,31,25.0
Pennsylvania,14,25.0
South Dakota,11,25.0
Delaware,34,25.0
Wyoming,52,25.0
California,13,25.0
West Virginia,6,25.0
Wisconsin,18,25.0
Michigan,31,25.0
American Samoa,2,25.0
Hawaii,24,25.0
Wisconsin,50,25.0
District of Columbia,19,25.0
Oklahoma,48,25.0
Ohio,47,25.0
Oregon,45,25.0
Georgia,47,25.0
Maine,12,25.0
Alabama,16,25.0
Wyoming,46,25.0
Hawaii,11,25.0
Indiana,44,25.0
Connecticut,22,25.0
South Dakota,12,25.0
Oklahoma,10,25.0
Texas,4,25.0
California,4,25.0
Montana,15,25.0
New York,28,25.0
Massachusetts,9,25.0
New York,12,25.0
Nevada,41,25.0
Minnesota,40,25.0
American Samoa,5,25.0
Pennsylvania,25,25.0
Kentucky,51,25.0
Tennessee,31,25.0
Wisconsin,41,25.0
New Hampshire,24,25.0
Arkansas,52,25.0
Ohio,38,25.0
Oregon,20,25.0
Mississippi,45,25.0
Colorado,3,25.0
Wyoming,53,25.0
Hawaii,20,25.0
Tennessee,46,25.0
Indiana,35,25.0
Connecticut,17,25.0
South Dakota,5,25.0
Texas,15,25.0
Idaho,33,25.0
Montana,0,25.0
Vermont,30,25.0
Nevada,46,25.0
Kentucky,52,25.0
Wisconsin,32,25.0
New Hampshire,17,25.0
Washington,8,25.0
Ohio,33,25.0
Georgia,6,25.0
Oregon,31,25.0
Mississippi,36,25.0
Alabama,46,25.0
Pennsylvania,29,25.0
Hawaii,29,25.0
Alaska,20,25.0
Louisiana,0,25.0
Tennessee,37,25.0
Connecticut,8,25.0
Colorado,23,25.0
South Dakota,30,25.0
Texas,22,25.0
Delaware,53,25.0
Hawaii,23,25.0
Idaho,42,25.0
Georgia,35,25.0
Vermont,25,25.0
New Mexico,52,25.0
Nevada,39,25.0
North Carolina,36,25.0
Kentucky,45,25.0
Wisconsin,39,25.0
New Hampshire,14,25.0
Washington,1,25.0
Arkansas,38,25.0
Iowa,24,25.0
Oregon,6,25.0
Mississippi,35,25.0
Alabama,39,25.0
Wyoming,3,25.0
Guam,11,25.0
Hawaii,38,25.0
Guam,31,25.0
Louisiana,9,25.0
New Jersey,45,25.0
Virginia,9,25.0
Connecticut,3,25.0
South Dakota,23,25.0
Texas,25,25.0
Arizona,22,25.0
California,49,25.0
Idaho,19,25.0
Montana,18,25.0
Vermont,16,25.0
New Jersey,17,25.0
Florida,38,25.0
American Samoa,46,25.0
North Carolina,45,25.0
Kentucky,38,25.0
Kansas,44,25.0
New Hampshire,7,25.0
Washington,6,25.0
Nebraska,3,25.0
Arkansas,47,25.0
Iowa,19,25.0
Maryland,31,25.0
Oregon,1,25.0
Nebraska,14,25.0
New Hampshire,8,25.0
Virgin Islands,18,25.0
Wyoming,10,25.0
Nebraska,25,25.0
Hawaii,47,25.0
Nebraska,13,25.0
Louisiana,18,25.0
Tennessee,51,25.0
North Dakota,33,25.0
Rhode Island,47,25.0
Texas,32,25.0
Arizona,31,25.0
California,40,25.0
Idaho,28,25.0
Montana,43,25.0
Vermont,11,25.0
New Mexico,34,25.0
Florida,47,25.0
Nevada,53,25.0
Illinois,37,25.0
South Carolina,39,25.0
American Samoa,33,25.0
Georgia,23,25.0
North Carolina,42,25.0
Alabama,11,25.0
Washington,31,25.0
Arkansas,40,25.0
Iowa,10,25.0
Maryland,20,25.0
Oregon,8,25.0
Mississippi,49,25.0
Virgin Islands,21,25.0
Colorado,30,25.0
Wyoming,17,25.0
Alaska,44,25.0
Hawaii,40,25.0
Colorado,9,25.0
Alaska,9,25.0
Hawaii,6,25.0
Virginia,3,25.0
Louisiana,27,25.0
Alaska,33,25.0
Tennessee,10,25.0
Guam,26,25.0
Connecticut,53,25.0
Rhode Island,38,25.0
Texas,43,25.0
Arizona,0,25.0
California,35,25.0
Idaho,5,25.0
Montana,44,25.0
Colorado,42,25.0
Alaska,0,25.0
New Mexico,43,25.0
Florida,40,25.0
Utah,38,25.0
Nevada,10,25.0
Illinois,44,25.0
Alaska,21,25.0
Hawaii,33,25.0
North Carolina,51,25.0
North Dakota,27,25.0
Nebraska,15,25.0
Washington,20,25.0
Arkansas,17,25.0
Iowa,5,25.0
Maryland,13,25.0
Mississippi,8,25.0
Virgin Islands,28,25.0
Northern Mariana Islands,51,25.0
Wyoming,24,25.0
Hawaii,49,25.0
Guam,52,25.0
Massachusetts,27,25.0
Louisiana,28,25.0
New Jersey,16,25.0
Tennessee,49,25.0
Connecticut,44,25.0
Guam,33,25.0
Texas,50,25.0
Arizona,9,25.0
Idaho,14,25.0
Montana,37,25.0
New York,21,25.0
Pennsylvania,1,25.0
Colorado,33,25.0
New Mexico,16,25.0
Florida,49,25.0
Utah,41,25.0
District of Columbia,45,25.0
Nevada,3,25.0
Illinois,43,25.0
Oklahoma,46,25.0
North Dakota,28,25.0
Tennessee,22,25.0
New Hampshire,50,25.0
Washington,45,25.0
Arkansas,26,25.0
Maryland,10,25.0
Mississippi,7,25.0
Virgin Islands,7,25.0
Kansas,18,25.0
Wyoming,31,25.0
Texas,34,25.0
Missouri,15,25.0
Guam,51,25.0
New Hampshire,51,25.0
Virginia,17,25.0
New Jersey,9,25.0
Connecticut,39,25.0
Rhode Island,52,25.0
Michigan,36,25.0
Texas,53,25.0
Arizona,50,25.0
Vermont,52,25.0
New Mexico,25,25.0
Utah,48,25.0
District of Columbia,42,25.0
Montana,21,25.0
Nevada,24,25.0
Illinois,18,25.0
Oklahoma,9,25.0
North Carolina,1,25.0
North Dakota,21,25.0
Maine,53,25.0
New Hampshire,43,25.0
Washington,34,25.0
Arkansas,3,25.0
Maryland,3,25.0
Mississippi,30,25.0
Virgin Islands,14,25.0
Northern Mariana Islands,33,25.0
Pennsylvania,6,25.0
Nebraska,49,25.0
Virginia,24,25.0
New Jersey,14,25.0
Rhode Island,51,25.0
Michigan,47,25.0
Missouri,37,25.0
Georgia,42,25.0
Vermont,47,25.0
New Mexico,30,25.0
Florida,3,25.0
District of Columbia,35,25.0
Nevada,17,25.0
Illinois,25,25.0
South Carolina,3,25.0
Oklahoma,0,25.0
Ohio,31,25.0
North Carolina,14,25.0
New York,41,25.0
North Dakota,14,25.0
New Hampshire,32,25.0
Northern Mariana Islands,30,25.0
Arkansas,12,25.0
Iowa,46,25.0
Indiana,28,25.0
Mississippi,21,25.0
Virgin Islands,49,25.0
Northern Mariana Islands,40,25.0
Wisconsin,44,25.0
New York,14,25.0
Delaware,11,25.0
Nebraska,42,25.0
Virginia,31,25.0
West Virginia,47,25.0
New Jersey,7,25.0
Virginia,16,25.0
New York,32,25.0
Rhode Island,10,25.0
Pennsylvania,35,25.0
Minnesota,32,25.0
New York,47,25.0
Vermont,38,25.0
New Jersey,22,25.0
Wisconsin,25,25.0
New Mexico,7,25.0
Florida,12,25.0
Utah,2,25.0
Nevada,22,25.0
Illinois,0,25.0
South Carolina,8,25.0
Oklahoma,31,25.0
Ohio,22,25.0
North Carolina,23,25.0
Kansas,37,25.0
Maine,39,25.0
Massachusetts,36,25.0
North Dakota,7,25.0
Washington,48,25.0
Oklahoma,52,25.0
Iowa,41,25.0
Maryland,49,25.0
Oklahoma,41,25.0
Indiana,19,25.0
Northern Mariana Islands,47,25.0
New York,4,25.0
Delaware,12,25.0
Guam,40,25.0
Virginia,38,25.0
West Virginia,32,25.0
Pennsylvania,50,25.0
Rhode Island,1,25.0
Pennsylvania,36,25.0
Arizona,37,25.0
Vermont,33,25.0
Wisconsin,16,25.0
New Mexico,12,25.0
Florida,21,25.0
Utah,5,25.0
District of Columbia,49,25.0
Illinois,15,25.0
South Carolina,17,25.0
Minnesota,41,25.0
Ohio,17,25.0
Georgia,30,25.0
North Carolina,28,25.0
Kansas,26,25.0
Maine,46,25.0
Michigan,0,25.0
Iowa,32,25.0
Maryland,46,25.0
Indiana,10,25.0
Virgin Islands,35,25.0
Northern Mariana Islands,22,25.0
South Dakota,46,25.0
Delaware,5,25.0
Virginia,45,25.0
West Virginia,25,25.0
Rhode Island,24,25.0
Pennsylvania,45,25.0
Arizona,46,25.0
Kentucky,29,25.0
Wisconsin,23,25.0
Florida,30,25.0
Utah,12,25.0
District of Columbia,14,25.0
South Carolina,22,25.0
Minnesota,18,25.0
Hawaii,42,25.0
Kansas,19,25.0
Maine,41,25.0
Nebraska,8,25.0
Maryland,39,25.0
Indiana,1,25.0
Massachusetts,16,25.0
Virgin Islands,42,25.0
Northern Mariana Islands,29,25.0
South Dakota,39,25.0
Delaware,30,25.0
Massachusetts,37,25.0
West Virginia,18,25.0
Tennessee,8,25.0
Rhode Island,23,25.0
Nebraska,35,25.0
Pennsylvania,22,25.0
American Samoa,30,25.0
Kentucky,22,25.0
New York,18,25.0
Wisconsin,14,25.0
Utah,23,25.0
District of Columbia,7,25.0
Oklahoma,37,25.0
Oklahoma,36,25.0
Ohio,3,25.0
Oregon,49,25.0
North Dakota,42,25.0
Maine,16,25.0
Alabama,12,25.0
Louisiana,34,25.0
Virgin Islands,45,25.0
Northern Mariana Islands,4,25.0
Delaware,23,25.0
California,24,25.0
Massachusetts,42,25.0
West Virginia,11,25.0
North Dakota,11,25.0
Michigan,10,25.0
American Samoa,17,25.0
Kentucky,15,25.0
Wisconsin,5,25.0
Michigan,49,25.0
Utah,30,25.0
District of Columbia,28,25.0
Minnesota,28,25.0
Kansas,1,25.0
Maine,27,25.0
Alabama,5,25.0
Georgia,21,25.0
Nebraska,5,25.0
Georgia,52,25.0
Northern Mariana Islands,11,25.0
Pennsylvania,15,25.0
South Dakota,49,25.0
Delaware,40,25.0
California,19,25.0
Idaho,53,25.0
West Virginia,12,25.0
Pennsylvania,0,25.0
Colorado,47,25.0
American Samoa,8,25.0
Hawaii,25,25.0
Kentucky,0,25.0
Nebraska,23,25.0
Minnesota,5,25.0
Ohio,53,25.0
Oregon,35,25.0
New York,38,25.0
Kansas,6,25.0
Maine,2,25.0
Alabama,26,25.0
Georgia,28,25.0
Hawaii,1,25.0
Louisiana,44,25.0
Colorado,16,25.0
Missouri,49,25.0
Connecticut,28,25.0
Alaska,42,25.0
South Dakota,10,25.0
Colorado,11,25.0
Texas,2,25.0
Delaware,33,25.0
California,10,25.0
West Virginia,5,25.0
New York,29,25.0
Virginia,23,25.0
Guam,21,25.0
Colorado,49,25.0
Pennsylvania,9,25.0
Oklahoma,22,25.0
American Samoa,3,25.0
Colorado,44,25.0
New Jersey,15,25.0
Wisconsin,51,25.0
Colorado,46,25.0
District of Columbia,18,25.0
Oklahoma,49,25.0
Ohio,44,25.0
Oregon,42,25.0
Maine,13,25.0
Colorado,4,25.0
Georgia,27,25.0
Hawaii,10,25.0
Minnesota,12,25.0
Colorado,48,25.0
Louisiana,53,25.0
Ohio,42,25.0
Indiana,45,25.0
Connecticut,23,25.0
South Dakota,3,25.0
Texas,5,25.0
California,5,25.0
Idaho,39,25.0
Montana,14,25.0
Nevada,40,25.0
Alaska,31,25.0
Kentucky,50,25.0
Wisconsin,42,25.0
New Hampshire,27,25.0
Arkansas,51,25.0
Ohio,39,25.0
Wyoming,49,25.0
Oregon,21,25.0
Mississippi,46,25.0
Alabama,40,25.0
Georgia,2,25.0
Missouri,38,25.0
Tennessee,47,25.0
Indiana,36,25.0
Connecticut,14,25.0
South Dakota,4,25.0
Texas,12,25.0
Delaware,51,25.0
Idaho,32,25.0
Montana,7,25.0
Vermont,31,25.0
Nevada,33,25.0
Kentucky,43,25.0
Wisconsin,33,25.0
North Dakota,53,25.0
New Hampshire,16,25.0
Washington,11,25.0
Iowa,30,25.0
Oregon,28,25.0
Mississippi,37,25.0
Alabama,33,25.0
Georgia,9,25.0
Alaska,14,25.0
Missouri,41,25.0
Nebraska,26,25.0
Louisiana,7,25.0
Tennessee,38,25.0
Massachusetts,25,25.0
Connecticut,9,25.0
South Dakota,29,25.0
Texas,23,25.0
Delaware,52,25.0
District of Columbia,31,25.0
Idaho,41,25.0
Montana,24,25.0
Vermont,22,25.0
Tennessee,15,25.0
Nevada,38,25.0
Illinois,48,25.0
American Samoa,52,25.0
North Carolina,39,25.0
Kentucky,44,25.0
North Dakota,15,25.0
New Hampshire,9,25.0
Washington,0,25.0
Arkansas,37,25.0
Iowa,25,25.0
Oregon,7,25.0
Kansas,15,25.0
Wyoming,4,25.0
Missouri,16,25.0
Guam,24,25.0
Louisiana,8,25.0
New Jersey,44,25.0
Connecticut,0,25.0
South Dakota,22,25.0
Wyoming,6,25.0
Texas,30,25.0
Arizona,21,25.0
California,46,25.0
Idaho,18,25.0
Montana,17,25.0
Vermont,17,25.0
Florida,37,25.0
South Carolina,33,25.0
American Samoa,47,25.0
Georgia,22,25.0
North Carolina,44,25.0
Kentucky,37,25.0
New Hampshire,6,25.0
Washington,25,25.0
Arkansas,46,25.0
Iowa,16,25.0
Maryland,30,25.0
Oregon,14,25.0
Virgin Islands,19,25.0
Wyoming,11,25.0
Missouri,27,25.0
Alaska,3,25.0
Hawaii,7,25.0
Wyoming,7,25.0
New Jersey,37,25.0
Rhode Island,40,25.0
North Dakota,37,25.0
Texas,33,25.0
Arizona,30,25.0
California,41,25.0
Idaho,27,25.0
Montana,42,25.0
Vermont,8,25.0
Colorado,18,25.0
New Mexico,37,25.0
Florida,46,25.0
Nevada,52,25.0
Illinois,38,25.0
South Carolina,38,25.0
American Samoa,38,25.0
Missouri,23,25.0
North Carolina,53,25.0
Guam,27,25.0
Washington,30,25.0
Arkansas,23,25.0
Iowa,11,25.0
Maryland,23,25.0
Oregon,9,25.0
Mississippi,50,25.0
Virgin Islands,26,25.0
Alabama,52,25.0
Wyoming,18,25.0
Missouri,2,25.0
Guam,14,25.0
Virginia,4,25.0
Louisiana,26,25.0
Tennessee,11,25.0
New Jersey,33,25.0
Connecticut,50,25.0
Rhode Island,39,25.0
Nebraska,43,25.0
Texas,40,25.0
Arizona,7,25.0
California,32,25.0
Idaho,4,25.0
Montana,35,25.0
Vermont,3,25.0
New York,26,25.0
Virginia,30,25.0
Colorado,34,25.0
New Mexico,42,25.0
Utah,39,25.0
Nevada,13,25.0
Illinois,45,25.0
Oklahoma,45,25.0
North Carolina,50,25.0
Ohio,8,25.0
North Dakota,26,25.0
New Jersey,4,25.0
New Hampshire,52,25.0
Washington,23,25.0
Arkansas,16,25.0
Iowa,2,25.0
Maryland,12,25.0
Mississippi,9,25.0
Virgin Islands,29,25.0
North Dakota,49,25.0
Georgia,45,25.0
Hawaii,48,25.0
Alaska,49,25.0
Massachusetts,26,25.0
Tennessee,2,25.0
Connecticut,45,25.0
Texas,51,25.0
Arizona,8,25.0
Idaho,13,25.0
Montana,36,25.0
New Mexico,19,25.0
Florida,48,25.0
Utah,46,25.0
District of Columbia,44,25.0
Nevada,2,25.0
Illinois,20,25.0
South Carolina,52,25.0
Kansas,49,25.0
New Hampshire,45,25.0
Washington,44,25.0
Arkansas,25,25.0
Maryland,5,25.0
Mississippi,0,25.0
Virgin Islands,4,25.0
Pennsylvania,7,25.0
Missouri,12,25.0
Massachusetts,3,25.0
Tennessee,25,25.0
Connecticut,36,25.0
Rhode Island,53,25.0
Pennsylvania,48,25.0
Arizona,49,25.0
Missouri,36,25.0
Georgia,41,25.0
Vermont,53,25.0
New Mexico,24,25.0
Utah,49,25.0
Guam,20,25.0
Nevada,27,25.0
Illinois,19,25.0
New York,49,25.0
Minnesota,53,25.0
Nebraska,38,25.0
North Carolina,0,25.0
New York,46,25.0
North Dakota,20,25.0
Maine,50,25.0
New Hampshire,42,25.0
Washington,37,25.0
Arkansas,2,25.0
Iowa,52,25.0
Maryland,2,25.0
Tennessee,33,25.0
Mississippi,31,25.0
Nebraska,7,25.0
Virgin Islands,15,25.0
Northern Mariana Islands,34,25.0
New Hampshire,1,25.0
Alaska,53,25.0
Nebraska,18,25.0
Nebraska,48,25.0
Massachusetts,8,25.0
West Virginia,53,25.0
Tennessee,16,25.0
Massachusetts,30,25.0
Kansas,22,25.0
Rhode Island,12,25.0
Michigan,44,25.0
Minnesota,33,25.0
Vermont,44,25.0
Tennessee,6,25.0
New Mexico,1,25.0
Florida,2,25.0
District of Columbia,34,25.0
Nevada,16,25.0
Illinois,26,25.0
South Carolina,2,25.0
Oklahoma,1,25.0
Ohio,28,25.0
North Carolina,9,25.0
North Dakota,13,25.0
Virginia,52,25.0
North Dakota,0,25.0
New Hampshire,35,25.0
Arkansas,11,25.0
Iowa,47,25.0
Alabama,1,25.0
Indiana,29,25.0
Mississippi,22,25.0
Northern Mariana Islands,41,25.0
Delaware,10,25.0
Guam,34,25.0
Virginia,32,25.0
West Virginia,46,25.0
New Jersey,6,25.0
Pennsylvania,51,25.0
Rhode Island,11,25.0
Pennsylvania,34,25.0
Arizona,35,25.0
Vermont,39,25.0
North Dakota,44,25.0
Colorado,51,25.0
Wisconsin,26,25.0
New Mexico,6,25.0
Florida,11,25.0
Utah,3,25.0
Alabama,29,25.0
Illinois,1,25.0
South Carolina,11,25.0
Oklahoma,24,25.0
Ohio,23,25.0
Georgia,29,25.0
North Carolina,22,25.0
North Dakota,6,25.0
Maine,36,25.0
Michigan,3,25.0
Washington,51,25.0
Iowa,38,25.0
Maryland,48,25.0
Indiana,20,25.0
Northern Mariana Islands,16,25.0
Delaware,3,25.0
Guam,41,25.0
Hawaii,0,25.0
Virginia,39,25.0
West Virginia,39,25.0
Colorado,53,25.0
Rhode Island,2,25.0
Pennsylvania,43,25.0
Arizona,36,25.0
Kentucky,27,25.0
Wisconsin,17,25.0
New Mexico,15,25.0
Florida,20,25.0
Utah,10,25.0
District of Columbia,48,25.0
Illinois,8,25.0
South Carolina,16,25.0
Oklahoma,23,25.0
Ohio,14,25.0
North Carolina,31,25.0
Kansas,29,25.0
Maine,47,25.0
Nebraska,9,25.0
Iowa,33,25.0
Maryland,41,25.0
Indiana,11,25.0
Massachusetts,17,25.0
Virgin Islands,32,25.0
Northern Mariana Islands,23,25.0
South Dakota,45,25.0
Minnesota,48,25.0
Delaware,4,25.0
Virginia,46,25.0
West Virginia,24,25.0
Rhode Island,25,25.0
Nebraska,36,25.0
Pennsylvania,44,25.0
Arizona,45,25.0
Kentucky,28,25.0
South Carolina,31,25.0
Virginia,37,25.0
Wisconsin,8,25.0
Florida,29,25.0
Utah,13,25.0
District of Columbia,9,25.0
South Carolina,25,25.0
Minnesota,17,25.0
Ohio,9,25.0
North Dakota,48,25.0
Maine,22,25.0
Maryland,38,25.0
Indiana,2,25.0
Virgin Islands,43,25.0
Kansas,8,25.0
South Dakota,38,25.0
Delaware,29,25.0
California,30,25.0
Virginia,53,25.0
West Virginia,17,25.0
Rhode Island,16,25.0
Pennsylvania,21,25.0
American Samoa,31,25.0
California,36,25.0
Kentucky,21,25.0
Wisconsin,15,25.0
Pennsylvania,37,25.0
Utah,20,25.0
District of Columbia,6,25.0
South Carolina,30,25.0
Minnesota,26,25.0
Ohio,0,25.0
North Dakota,41,25.0
Maine,17,25.0
Alabama,15,25.0
Louisiana,33,25.0
Northern Mariana Islands,5,25.0
Pennsylvania,8,25.0
Michigan,21,25.0
Delaware,22,25.0
California,25,25.0
Massachusetts,45,25.0
West Virginia,10,25.0
Michigan,11,25.0
American Samoa,22,25.0
Missouri,47,25.0
Kentucky,14,25.0
Wisconsin,6,25.0
Utah,31,25.0
Nebraska,24,25.0
Minnesota,3,25.0
New York,39,25.0
North Dakota,34,25.0
Maine,24,25.0
Alabama,4,25.0
Wyoming,34,25.0
Missouri,50,25.0
Louisiana,42,25.0
Indiana,48,25.0
Northern Mariana Islands,12,25.0
South Dakota,48,25.0
Delaware,47,25.0
California,16,25.0
Idaho,52,25.0
West Virginia,3,25.0
New York,2,25.0
Massachusetts,7,25.0
Michigan,18,25.0
Oklahoma,21,25.0
American Samoa,9,25.0
Kentucky,7,25.0
Tennessee,29,25.0
District of Columbia,20,25.0
Minnesota,4,25.0
Ohio,50,25.0
Oregon,32,25.0
Maine,3,25.0
Colorado,5,25.0
Wyoming,41,25.0
Missouri,53,25.0
Oklahoma,50,25.0
Louisiana,51,25.0
Connecticut,29,25.0
South Dakota,9,25.0
Texas,3,25.0
Delaware,32,25.0
California,11,25.0
West Virginia,4,25.0
Pennsylvania,52,25.0
Michigan,29,25.0
American Samoa,0,25.0
Tennessee,36,25.0
Wisconsin,52,25.0
New Hampshire,29,25.0
Minnesota,13,25.0
Ohio,45,25.0
Wyoming,48,25.0
Oregon,43,25.0
Maine,10,25.0
Vermont,2,25.0
Alabama,18,25.0
Pennsylvania,31,25.0
Hawaii,9,25.0
Louisiana,52,25.0
Tennessee,41,25.0
Indiana,46,25.0
Connecticut,20,25.0
South Dakota,2,25.0
Texas,10,25.0
California,2,25.0
Idaho,38,25.0
Georgia,33,25.0
Nevada,43,25.0
Kentucky,49,25.0
Guam,16,25.0
Wisconsin,43,25.0
New Hampshire,26,25.0
Arkansas,50,25.0
Ohio,36,25.0
Oregon,18,25.0
Mississippi,47,25.0
Alabama,43,25.0
Georgia,3,25.0
Alaska,13,25.0
Hawaii,45,25.0
Missouri,39,25.0
Tennessee,32,25.0
Indiana,37,25.0
Massachusetts,22,25.0
Connecticut,15,25.0
South Dakota,27,25.0
Texas,13,25.0
Delaware,50,25.0
Idaho,47,25.0
Montana,6,25.0
Vermont,28,25.0
Tennessee,14,25.0
New Mexico,49,25.0
Nevada,32,25.0
American Samoa,50,25.0
Kentucky,42,25.0
Kansas,42,25.0
New Hampshire,19,25.0
Washington,10,25.0
Oklahoma,35,25.0
Iowa,31,25.0
Oregon,29,25.0
Mississippi,38,25.0
Alabama,32,25.0
Georgia,10,25.0
Missouri,46,25.0
Alaska,22,25.0
Louisiana,6,25.0
Tennessee,39,25.0
North Dakota,35,25.0
Nebraska,20,25.0
South Dakota,28,25.0
Montana,13,25.0
Texas,20,25.0
Arizona,19,25.0
Nebraska,31,25.0
Idaho,40,25.0
Montana,31,25.0
Vermont,23,25.0
Illinois,49,25.0
American Samoa,53,25.0
Minnesota,20,25.0
Wyoming,33,25.0
North Carolina,38,25.0
Kentucky,35,25.0
Kansas,53,25.0
Washington,3,25.0
Missouri,4,25.0
Arkansas,36,25.0
Iowa,22,25.0
Oregon,4,25.0
Georgia,49,25.0
Missouri,17,25.0
Guam,25,25.0
Louisiana,15,25.0
New Jersey,47,25.0
Connecticut,1,25.0
South Dakota,21,25.0
Texas,31,25.0
Guam,10,25.0
Arizona,20,25.0
California,47,25.0
Idaho,17,25.0
Montana,16,25.0
Vermont,14,25.0
Guam,7,25.0
Colorado,15,25.0
Florida,36,25.0
Louisiana,43,25.0
Guam,28,25.0
South Carolina,32,25.0
American Samoa,44,25.0
Missouri,22,25.0
North Carolina,47,25.0
Kentucky,36,25.0
Nebraska,17,25.0
Washington,24,25.0
Alaska,26,25.0
Arkansas,45,25.0
Iowa,17,25.0
Maryland,25,25.0
Oregon,15,25.0
South Carolina,48,25.0
Mississippi,52,25.0
Virgin Islands,16,25.0
Wyoming,12,25.0
Missouri,24,25.0
Nebraska,11,25.0
Louisiana,16,25.0
New Jersey,36,25.0
Rhode Island,41,25.0
Alaska,35,25.0
Texas,38,25.0
Arizona,29,25.0
California,38,25.0
Idaho,26,25.0
Montana,41,25.0
Vermont,9,25.0
New York,27,25.0
Virginia,29,25.0
Colorado,35,25.0
New Mexico,36,25.0
Florida,45,25.0
Illinois,39,25.0
Minnesota,19,25.0
American Samoa,39,25.0
North Carolina,52,25.0
New Jersey,5,25.0
Washington,17,25.0
Arkansas,22,25.0
Iowa,8,25.0
Maryland,22,25.0
Mississippi,51,25.0
Virgin Islands,27,25.0
North Dakota,50,25.0
Wyoming,19,25.0
Missouri,3,25.0
Guam,15,25.0
Massachusetts,20,25.0
Louisiana,25,25.0
New Jersey,29,25.0
Connecticut,51,25.0
Rhode Island,32,25.0
Texas,41,25.0
Arizona,6,25.0
California,33,25.0
Idaho,3,25.0
Montana,34,25.0
Vermont,0,25.0
New Mexico,45,25.0
Utah,36,25.0
Nevada,12,25.0
Illinois,46,25.0
South Carolina,46,25.0
North Dakota,25,25.0
Washington,22,25.0
Arkansas,31,25.0
Iowa,3,25.0
Maryland,15,25.0
Mississippi,10,25.0
Virgin Islands,2,25.0
Northern Mariana Islands,53,25.0
Wyoming,26,25.0
Missouri,10,25.0
Alaska,50,25.0
Virginia,12,25.0
New Jersey,18,25.0
New Jersey,51,25.0
Connecticut,42,25.0
Texas,48,25.0
Arizona,15,25.0
Nebraska,28,25.0
Hawaii,18,25.0
Idaho,12,25.0
Wyoming,28,25.0
New York,11,25.0
New Mexico,18,25.0
Utah,47,25.0
District of Columbia,47,25.0
Nevada,5,25.0
Illinois,21,25.0
Minnesota,51,25.0
South Carolina,35,25.0
Kansas,48,25.0
New Hampshire,44,25.0
Washington,47,25.0
Arkansas,24,25.0
Maryland,4,25.0
New Jersey,49,25.0
Mississippi,1,25.0
Virgin Islands,5,25.0
Guam,48,25.0
Missouri,13,25.0
Virginia,19,25.0
West Virginia,51,25.0
Alaska,2,25.0
New Jersey,11,25.0
Massachusetts,31,25.0
Michigan,23,25.0
New York,5,25.0
Michigan,34,25.0
Oklahoma,29,25.0
Arizona,48,25.0
District of Columbia,21,25.0
Ohio,24,25.0
New Jersey,20,25.0
New Mexico,27,25.0
District of Columbia,36,25.0
Nevada,26,25.0
Illinois,28,25.0
New York,48,25.0
Oklahoma,11,25.0
North Carolina,3,25.0
Kansas,41,25.0
Maine,51,25.0
Virginia,51,25.0
North Dakota,1,25.0
West Virginia,19,25.0
Washington,36,25.0
Alaska,7,25.0
Arkansas,1,25.0
Iowa,53,25.0
Mississippi,24,25.0
Virgin Islands,12,25.0
Northern Mariana Islands,35,25.0
Guam,36,25.0
Virginia,26,25.0
West Virginia,52,25.0
New Jersey,0,25.0
Georgia,39,25.0
North Dakota,36,25.0
Rhode Island,13,25.0
Michigan,45,25.0
Montana,53,25.0
Vermont,45,25.0
New Mexico,0,25.0
Florida,1,25.0
Nevada,19,25.0
Illinois,27,25.0
South Carolina,5,25.0
Oklahoma,2,25.0
Ohio,29,25.0
Wyoming,40,25.0
North Carolina,8,25.0
North Dakota,12,25.0
Michigan,2,25.0
New Hampshire,34,25.0
Arkansas,10,25.0
Iowa,44,25.0
Indiana,30,25.0
Mississippi,23,25.0
Northern Mariana Islands,42,25.0
Alabama,49,25.0
Delaware,9,25.0
Nebraska,40,25.0
Missouri,52,25.0
Virginia,33,25.0
West Virginia,45,25.0
Rhode Island,4,25.0
Michigan,52,25.0
Arizona,34,25.0
Vermont,36,25.0
New Mexico,5,25.0
Wisconsin,27,25.0
New Mexico,9,25.0
Florida,10,25.0
Utah,0,25.0
Illinois,2,25.0
South Carolina,10,25.0
Minnesota,38,25.0
Ohio,20,25.0
North Carolina,17,25.0
North Dakota,5,25.0
Maine,37,25.0
North Dakota,32,25.0
Guam,1,25.0
Washington,50,25.0
Iowa,39,25.0
Maryland,51,25.0
Indiana,21,25.0
Northern Mariana Islands,17,25.0
South Dakota,43,25.0
Oklahoma,14,25.0
Delaware,2,25.0
Nebraska,33,25.0
Virginia,40,25.0
West Virginia,38,25.0
Rhode Island,3,25.0
Nebraska,37,25.0
Pennsylvania,42,25.0
Arizona,43,25.0
Kentucky,26,25.0
New York,16,25.0
Virginia,36,25.0
North Dakota,16,25.0
New Mexico,14,25.0
Florida,19,25.0
Utah,11,25.0
District of Columbia,51,25.0
Illinois,9,25.0
South Carolina,19,25.0
Minnesota,47,25.0
Ohio,15,25.0
North Carolina,30,25.0
Ohio,2,25.0
Kansas,28,25.0
Maine,44,25.0
Maryland,40,25.0
Indiana,12,25.0
Virgin Islands,33,25.0
Northern Mariana Islands,24,25.0
South Dakota,44,25.0
Delaware,27,25.0
Virginia,47,25.0
West Virginia,31,25.0
Hawaii,21,25.0
Rhode Island,26,25.0
Michigan,6,25.0
Arizona,44,25.0
Kentucky,19,25.0
Wisconsin,9,25.0
Michigan,51,25.0
Florida,28,25.0
Utah,18,25.0
District of Columbia,8,25.0
South Carolina,24,25.0
Oklahoma,47,25.0
Ohio,6,25.0
Alaska,18,25.0
Oregon,52,25.0
Kansas,21,25.0
Maine,23,25.0
Alabama,9,25.0
Maryland,33,25.0
Indiana,3,25.0
Virgin Islands,40,25.0
Northern Mariana Islands,31,25.0
Michigan,28,25.0
South Dakota,37,25.0
Delaware,28,25.0
California,31,25.0
Massachusetts,39,25.0
West Virginia,16,25.0
Rhode Island,17,25.0
Michigan,1,25.0
American Samoa,28,25.0
Hawaii,27,25.0
Kentucky,20,25.0
Wisconsin,0,25.0
Utah,21,25.0
District of Columbia,1,25.0
Massachusetts,14,25.0
Oklahoma,38,25.0
Ohio,1,25.0
New York,36,25.0
Kansas,10,25.0
Maine,30,25.0
Alabama,14,25.0
Missouri,6,25.0
Louisiana,32,25.0
Northern Mariana Islands,6,25.0
Delaware,21,25.0
California,22,25.0
Massachusetts,44,25.0
West Virginia,9,25.0
New York,3,25.0
Colorado,27,25.0
Massachusetts,4,25.0
Colorado,22,25.0
Michigan,8,25.0
Connecticut,6,25.0
American Samoa,23,25.0
Kentucky,13,25.0
Tennessee,28,25.0
Wisconsin,7,25.0
Guam,18,25.0
Utah,28,25.0
District of Columbia,30,25.0
Minnesota,2,25.0
Oregon,38,25.0
Kansas,3,25.0
Maine,25,25.0
Colorado,6,25.0
Wyoming,35,25.0
Missouri,51,25.0
Minnesota,14,25.0
Louisiana,41,25.0
Indiana,49,25.0
Northern Mariana Islands,13,25.0
Delaware,46,25.0
California,17,25.0
Idaho,51,25.0
West Virginia,2,25.0
Pennsylvania,53,25.0
Michigan,19,25.0
American Samoa,14,25.0
Kentucky,6,25.0
District of Columbia,23,25.0
Alabama,19,25.0
Minnesota,11,25.0
Ohio,51,25.0
Wyoming,47,25.0
Oregon,33,25.0
California,52,25.0
Maine,0,25.0
Alabama,28,25.0
Wyoming,42,25.0
Hawaii,15,25.0
Louisiana,50,25.0
Indiana,40,25.0
Connecticut,26,25.0
South Dakota,8,25.0
Texas,0,25.0
Delaware,39,25.0
California,8,25.0
Montana,11,25.0
Michigan,26,25.0
American Samoa,1,25.0
Wisconsin,53,25.0
New Hampshire,28,25.0
Oklahoma,51,25.0
Hawaii,53,25.0
Oregon,40,25.0
Tennessee,40,25.0
Maine,11,25.0
Alabama,21,25.0
Georgia,5,25.0
Alaska,12,25.0
Hawaii,8,25.0
Tennessee,42,25.0
Indiana,47,25.0
Massachusetts,23,25.0
Connecticut,21,25.0
South Dakota,1,25.0
Texas,11,25.0
California,3,25.0
Idaho,37,25.0
Montana,12,25.0
New York,10,25.0
New Jersey,28,25.0
Nevada,42,25.0
Kentucky,48,25.0
Kansas,43,25.0
New Hampshire,21,25.0
Oklahoma,34,25.0
Arkansas,49,25.0
Ohio,37,25.0
Oregon,19,25.0
Mississippi,40,25.0
Alabama,42,25.0
Georgia,12,25.0
Hawaii,17,25.0
Alaska,16,25.0
New Jersey,48,25.0
Indiana,38,25.0
Connecticut,12,25.0
South Dakota,26,25.0
Texas,18,25.0
Delaware,49,25.0
Idaho,46,25.0
Montana,5,25.0
Vermont,29,25.0
Michigan,9,25.0
New Mexico,48,25.0
Nevada,35,25.0
American Samoa,51,25.0
Georgia,20,25.0
Kentucky,41,25.0
Wisconsin,35,25.0
New Hampshire,18,25.0
Washington,13,25.0
Iowa,28,25.0
Oregon,26,25.0
Mississippi,39,25.0
Alabama,35,25.0
Georgia,11,25.0
Hawaii,26,25.0
Alaska,23,25.0
Louisiana,5,25.0
New Jersey,41,25.0
Connecticut,7,25.0
South Dakota,19,25.0
Texas,21,25.0
Arizona,18,25.0
California,53,25.0
Idaho,23,25.0
Montana,30,25.0
Vermont,20,25.0
Georgia,37,25.0
Illinois,50,25.0
American Samoa,42,25.0
Hawaii,36,25.0
North Carolina,33,25.0
Kentucky,34,25.0
Georgia,4,25.0
New Hampshire,11,25.0
Washington,2,25.0
Arkansas,35,25.0
Iowa,23,25.0
Oregon,5,25.0
Georgia,50,25.0
Hawaii,35,25.0
Alaska,30,25.0
Louisiana,14,25.0
New Jersey,46,25.0
South Dakota,20,25.0
Alaska,34,25.0
Tennessee,23,25.0
Texas,28,25.0
Nebraska,45,25.0
Arizona,27,25.0
California,44,25.0
Idaho,16,25.0
Montana,23,25.0
Vermont,15,25.0
New York,24,25.0
Massachusetts,13,25.0
Colorado,36,25.0
Florida,35,25.0
Nevada,49,25.0
Minnesota,44,25.0
American Samoa,45,25.0
North Carolina,46,25.0
Tennessee,19,25.0
New Hampshire,0,25.0
Washington,27,25.0
Arkansas,44,25.0
Iowa,14,25.0
Maryland,24,25.0
Oregon,12,25.0
Mississippi,53,25.0
Virgin Islands,17,25.0
Kansas,17,25.0
Wyoming,13,25.0
Missouri,25,25.0
Alaska,5,25.0
Louisiana,23,25.0
New Jersey,39,25.0
Texas,44,25.0
Rhode Island,42,25.0
Texas,39,25.0
Arizona,28,25.0
California,39,25.0
Idaho,25,25.0
Montana,40,25.0
Vermont,6,25.0
California,48,25.0
New Mexico,39,25.0
Florida,44,25.0
Utah,34,25.0
Illinois,32,25.0
South Carolina,40,25.0
American Samoa,36,25.0
Washington,16,25.0
Arkansas,21,25.0
Iowa,9,25.0
Maryland,17,25.0
Mississippi,12,25.0
Virgin Islands,24,25.0
Wyoming,20,25.0
Missouri,0,25.0
Guam,8,25.0
Virginia,6,25.0
Louisiana,24,25.0
Tennessee,13,25.0
Connecticut,48,25.0
Rhode Island,33,25.0
Texas,46,25.0
Arizona,5,25.0
Hawaii,19,25.0
Idaho,2,25.0
Montana,33,25.0
Vermont,1,25.0
New Mexico,44,25.0
Florida,53,25.0
Utah,37,25.0
Nevada,15,25.0
Illinois,47,25.0
South Carolina,49,25.0
New York,44,25.0
North Dakota,24,25.0
Washington,41,25.0
Arkansas,30,25.0
Iowa,0,25.0
Maryland,14,25.0
Mississippi,11,25.0
Virgin Islands,3,25.0
Wyoming,27,25.0
Missouri,11,25.0
Alaska,51,25.0
Massachusetts,28,25.0
Tennessee,4,25.0
Virginia,13,25.0
Connecticut,43,25.0
Texas,49,25.0
Oklahoma,28,25.0
Arizona,14,25.0
Idaho,11,25.0
New Jersey,21,25.0
New Mexico,21,25.0
Utah,44,25.0
District of Columbia,46,25.0
Nevada,4,25.0
Illinois,22,25.0
Oklahoma,13,25.0
North Carolina,5,25.0
Kansas,51,25.0
Massachusetts,35,25.0
North Dakota,2,25.0
New Hampshire,47,25.0
Washington,46,25.0
Arkansas,7,25.0
Maryland,7,25.0
Mississippi,2,25.0
Virgin Islands,10,25.0
Nebraska,53,25.0
Massachusetts,5,25.0
West Virginia,50,25.0
Guam,47,25.0
Tennessee,27,25.0
Connecticut,34,25.0
Michigan,35,25.0
Colorado,29,25.0
Montana,51,25.0
Vermont,51,25.0
Alaska,45,25.0
New Mexico,26,25.0
Florida,7,25.0
District of Columbia,39,25.0
Nevada,29,25.0
Illinois,29,25.0
New York,51,25.0
Oklahoma,4,25.0
Northern Mariana Islands,10,25.0
Georgia,19,25.0
North Carolina,2,25.0
Kansas,40,25.0
Maine,48,25.0
Michigan,5,25.0
New Hampshire,36,25.0
Washington,39,25.0
Colorado,41,25.0
Arkansas,0,25.0
Iowa,50,25.0
Indiana,24,25.0
Mississippi,25,25.0
Virgin Islands,13,25.0
Northern Mariana Islands,36,25.0
Nebraska,46,25.0
Massachusetts,10,25.0
West Virginia,43,25.0
Tennessee,18,25.0
Rhode Island,14,25.0
Michigan,42,25.0
Montana,52,25.0
Vermont,42,25.0
New Mexico,3,25.0
Florida,0,25.0
Louisiana,45,25.0
Nevada,18,25.0
Illinois,4,25.0
South Carolina,4,25.0
Oklahoma,3,25.0
Ohio,26,25.0
North Carolina,11,25.0
Kansas,33,25.0
Alaska,4,25.0
Arkansas,9,25.0
Iowa,45,25.0
Maryland,53,25.0
Indiana,31,25.0
Mississippi,16,25.0
Virgin Islands,52,25.0
Northern Mariana Islands,43,25.0
Minnesota,50,25.0
Delaware,8,25.0
Guam,44,25.0
Massachusetts,51,25.0
West Virginia,44,25.0
Tennessee,53,25.0
Maryland,27,25.0
Rhode Island,5,25.0
Alaska,41,25.0
Pennsylvania,32,25.0
Arizona,33,25.0
Vermont,37,25.0
New York,17,25.0
Massachusetts,50,25.0
Wisconsin,28,25.0
New Mexico,8,25.0
Florida,9,25.0
Utah,1,25.0
District of Columbia,53,25.0
Illinois,3,25.0
South Carolina,13,25.0
Minnesota,37,25.0
Ohio,21,25.0
North Carolina,16,25.0
Kansas,38,25.0
Maine,34,25.0
Washington,53,25.0
Iowa,36,25.0
Maryland,50,25.0
Indiana,22,25.0
Northern Mariana Islands,18,25.0
South Dakota,42,25.0
Delaware,1,25.0
Nebraska,32,25.0
Virginia,41,25.0
West Virginia,37,25.0
Rhode Island,28,25.0
Pennsylvania,41,25.0
Arizona,42,25.0
Kentucky,25,25.0
Wisconsin,19,25.0
Michigan,50,25.0
Florida,18,25.0
Utah,8,25.0
District of Columbia,50,25.0
Illinois,10,25.0
South Carolina,18,25.0
Oklahoma,17,25.0
Ohio,12,25.0
North Carolina,25,25.0
Kansas,31,25.0
Maine,45,25.0
Maryland,43,25.0
Indiana,13,25.0
Virgin Islands,38,25.0
Northern Mariana Islands,25,25.0
Pennsylvania,10,25.0
South Dakota,35,25.0
Delaware,26,25.0
Massachusetts,33,25.0
West Virginia,30,25.0
Rhode Island,27,25.0
Pennsylvania,18,25.0
American Samoa,26,25.0
Hawaii,28,25.0
Kentucky,18,25.0
New York,9,25.0
Wisconsin,10,25.0
Florida,27,25.0
Utah,19,25.0
District of Columbia,11,25.0
South Carolina,27,25.0
Oklahoma,40,25.0
Ohio,7,25.0
Oregon,53,25.0
South Carolina,41,25.0
Kansas,20,25.0
Maine,20,25.0
Alabama,8,25.0
Maryland,32,25.0
Indiana,4,25.0
Virgin Islands,41,25.0
Northern Mariana Islands,0,25.0
South Dakota,36,25.0
Delaware,19,25.0
California,28,25.0
Massachusetts,38,25.0
West Virginia,23,25.0
New York,0,25.0
Virginia,20,25.0
Georgia,46,25.0
Rhode Island,18,25.0
Pennsylvania,27,25.0
Oklahoma,42,25.0
Oklahoma,27,25.0
American Samoa,29,25.0
Kentucky,11,25.0
New Jersey,10,25.0
Georgia,48,25.0
Utah,26,25.0
District of Columbia,0,25.0
Minnesota,24,25.0
Kansas,13,25.0
Maine,31,25.0
Colorado,7,25.0
Minnesota,15,25.0
Louisiana,39,25.0
Northern Mariana Islands,7,25.0
Delaware,20,25.0
California,23,25.0
Massachusetts,47,25.0
West Virginia,8,25.0
Pennsylvania,28,25.0
American Samoa,20,25.0
Kentucky,12,25.0
Utah,29,25.0
District of Columbia,25,25.0
Minnesota,1,25.0
Georgia,26,25.0
Oregon,39,25.0
Kansas,2,25.0
Maine,6,25.0
Guam,32,25.0
Alabama,6,25.0
Wyoming,36,25.0
Hawaii,5,25.0
Louisiana,40,25.0
Indiana,50,25.0
Northern Mariana Islands,14,25.0
Delaware,45,25.0
California,14,25.0
Idaho,50,25.0
West Virginia,1,25.0
Michigan,16,25.0
American Samoa,15,25.0
Kentucky,5,25.0
District of Columbia,22,25.0
Oklahoma,53,25.0
Ohio,48,25.0
Oregon,46,25.0
Maine,1,25.0
Alabama,31,25.0
Wyoming,43,25.0
Alaska,11,25.0
Hawaii,14,25.0
Louisiana,49,25.0
Indiana,41,25.0
Virginia,5,25.0
Connecticut,27,25.0
South Dakota,15,25.0
Texas,1,25.0
Delaware,38,25.0
California,9,25.0
Montana,10,25.0
Tennessee,12,25.0
Michigan,27,25.0
American Samoa,6,25.0
North Dakota,10,25.0
New Hampshire,31,25.0
Oklahoma,33,25.0
Ohio,43,25.0
Oregon,41,25.0
Maine,8,25.0
Alabama,20,25.0
Wyoming,50,25.0
Missouri,34,25.0
Tennessee,43,25.0
Indiana,32,25.0
Connecticut,18,25.0
South Dakota,0,25.0
Texas,8,25.0
California,0,25.0
Idaho,36,25.0
Montana,3,25.0
Nebraska,4,25.0
Nevada,45,25.0
Kansas,4,25.0
Kansas,11,25.0
Wisconsin,45,25.0
New Hampshire,20,25.0
Arkansas,48,25.0
Ohio,34,25.0
Oregon,16,25.0
Mississippi,41,25.0
Alabama,45,25.0
Georgia,13,25.0
Alabama,38,25.0
Hawaii,16,25.0
Alaska,17,25.0
Louisiana,3,25.0
Tennessee,34,25.0
Indiana,39,25.0
Connecticut,13,25.0
South Dakota,25,25.0
Texas,19,25.0
Alabama,2,25.0
Delaware,48,25.0
Idaho,45,25.0
Montana,4,25.0
Vermont,26,25.0
New Mexico,51,25.0
Colorado,20,25.0
Nevada,34,25.0
Illinois,52,25.0
Colorado,31,25.0
American Samoa,48,25.0
Hawaii,37,25.0
Kentucky,40,25.0
Colorado,10,25.0
Wisconsin,36,25.0
Alaska,32,25.0
New Hampshire,13,25.0
Washington,12,25.0
Iowa,29,25.0
Oregon,27,25.0
New York,34,25.0
Mississippi,32,25.0
Alabama,34,25.0
Wyoming,0,25.0
Colorado,43,25.0
Missouri,44,25.0
Alaska,24,25.0
Louisiana,4,25.0
New Jersey,40,25.0
Connecticut,4,25.0
South Dakota,18,25.0
Guam,37,25.0
Texas,26,25.0
Arizona,17,25.0
California,50,25.0
Idaho,22,25.0
Montana,29,25.0
Vermont,21,25.0
New York,25,25.0
Virginia,27,25.0
Colorado,37,25.0
Illinois,51,25.0
Minnesota,45,25.0
American Samoa,43,25.0
North Carolina,32,25.0
Kentucky,33,25.0
New Jersey,3,25.0
New Hampshire,10,25.0
Washington,5,25.0
Arkansas,34,25.0
Iowa,20,25.0
Oregon,2,25.0
Colorado,0,25.0
Georgia,51,25.0
Hawaii,34,25.0
Nebraska,16,25.0
Louisiana,13,25.0
Tennessee,48,25.0
Rhode Island,44,25.0
Texas,29,25.0
Arizona,26,25.0
California,45,25.0
Idaho,31,25.0
Montana,22,25.0
Vermont,12,25.0
New Mexico,33,25.0
Florida,34,25.0
Nevada,48,25.0
South Carolina,34,25.0
American Samoa,34,25.0
North Carolina,41,25.0
New Hampshire,3,25.0
Washington,26,25.0
Alabama,41,25.0
Arkansas,43,25.0
Iowa,15,25.0
Georgia,1,25.0
Oregon,13,25.0
Virgin Islands,22,25.0
Alabama,48,25.0
Wyoming,14,25.0
Hawaii,43,25.0
Guam,2,25.0
Virginia,0,25.0
Louisiana,22,25.0
New Jersey,38,25.0
Rhode Island,43,25.0
Texas,36,25.0
Arizona,3,25.0
Missouri,33,25.0
Idaho,24,25.0
Montana,47,25.0
Vermont,7,25.0
New Mexico,38,25.0
Florida,43,25.0
Utah,35,25.0
Nevada,9,25.0
Illinois,33,25.0
South Carolina,43,25.0
American Samoa,37,25.0
New York,45,25.0
Colorado,17,25.0
Washington,19,25.0
Arkansas,20,25.0
Iowa,6,25.0
Maryland,16,25.0
Mississippi,13,25.0
Virgin Islands,25,25.0
Northern Mariana Islands,48,25.0
Wyoming,21,25.0
Hawaii,52,25.0
Nebraska,2,25.0
Virginia,7,25.0
Louisiana,31,25.0
New Jersey,31,25.0
Massachusetts,29,25.0
New York,35,25.0
Connecticut,49,25.0
Rhode Island,34,25.0
Texas,47,25.0
Arizona,4,25.0
Idaho,1,25.0
Montana,32,25.0
Tennessee,3,25.0
New Mexico,47,25.0
Florida,52,25.0
Utah,42,25.0
Nevada,14,25.0
Illinois,40,25.0
Michigan,13,25.0
New York,15,25.0
North Dakota,31,25.0
Virginia,49,25.0
North Dakota,3,25.0
New Hampshire,49,25.0
Washington,40,25.0
New York,33,25.0
Arkansas,29,25.0
Iowa,1,25.0
Maryland,9,25.0
Mississippi,4,25.0
Virgin Islands,0,25.0
Georgia,40,25.0
Missouri,8,25.0
Alaska,52,25.0
Virginia,14,25.0
Tennessee,5,25.0
Connecticut,40,25.0
Arizona,13,25.0
Idaho,10,25.0
Georgia,44,25.0
New Mexico,20,25.0
Utah,45,25.0
District of Columbia,41,25.0
Nevada,7,25.0
Illinois,23,25.0
New York,53,25.0
Minnesota,49,25.0
Wyoming,38,25.0
North Carolina,4,25.0
Kansas,50,25.0
Pennsylvania,17,25.0
New Hampshire,46,25.0
Washington,33,25.0
Arkansas,6,25.0
Maryland,6,25.0
Mississippi,3,25.0
Virgin Islands,11,25.0
Nebraska,52,25.0
Virginia,21,25.0
West Virginia,49,25.0
New Jersey,13,25.0
Connecticut,35,25.0
Rhode Island,48,25.0
Michigan,32,25.0
Montana,50,25.0
Vermont,48,25.0
New Mexico,29,25.0
Florida,6,25.0
Utah,52,25.0
District of Columbia,38,25.0
Nevada,28,25.0
Illinois,30,25.0
New York,50,25.0
Oklahoma,5,25.0
Hawaii,46,25.0
North Carolina,13,25.0
North Dakota,9,25.0
Maine,49,25.0
New Hampshire,39,25.0
Washington,38,25.0
Arkansas,15,25.0
Iowa,51,25.0
Indiana,25,25.0
Mississippi,26,25.0
Virgin Islands,50,25.0
Northern Mariana Islands,37,25.0
Louisiana,17,25.0
Oklahoma,12,25.0
Guam,38,25.0
Virginia,28,25.0
West Virginia,42,25.0
New Jersey,2,25.0
Tennessee,52,25.0
Rhode Island,15,25.0
Alaska,40,25.0
Michigan,43,25.0
Vermont,43,25.0
New York,22,25.0
Virginia,34,25.0
North Dakota,18,25.0
New Mexico,2,25.0
Florida,15,25.0
Nevada,21,25.0
Illinois,5,25.0
South Carolina,7,25.0
Minnesota,35,25.0
Ohio,27,25.0
North Carolina,10,25.0
Kansas,32,25.0
Arkansas,8,25.0
Iowa,42,25.0
Maryland,52,25.0
Indiana,16,25.0
Mississippi,17,25.0
Virgin Islands,53,25.0
Northern Mariana Islands,44,25.0
Delaware,15,25.0
Guam,45,25.0
Virginia,35,25.0
West Virginia,35,25.0
Rhode Island,6,25.0
Pennsylvania,39,25.0
Arizona,32,25.0
Vermont,34,25.0
Wisconsin,29,25.0
New Mexico,11,25.0
Florida,8,25.0
Utah,6,25.0
District of Columbia,52,25.0
Illinois,12,25.0
South Carolina,12,25.0
Minnesota,36,25.0
Ohio,18,25.0
North Carolina,19,25.0
Kansas,25,25.0
Maine,35,25.0
Washington,52,25.0
Iowa,37,25.0
Maryland,45,25.0
Indiana,23,25.0
Northern Mariana Islands,19,25.0
Pennsylvania,11,25.0
South Dakota,41,25.0
Delaware,0,25.0
Virginia,42,25.0
West Virginia,36,25.0
Rhode Island,29,25.0
Pennsylvania,40,25.0
Arizona,41,25.0
Missouri,40,25.0
Kentucky,24,25.0
Wisconsin,20,25.0
Florida,17,25.0
Utah,9,25.0
Nebraska,27,25.0
Illinois,11,25.0
South Carolina,21,25.0
Oklahoma,18,25.0
Ohio,13,25.0
North Carolina,24,25.0
New York,42,25.0
Kansas,30,25.0
Maine,42,25.0
Maryland,42,25.0
Indiana,14,25.0
Virgin Islands,39,25.0
Northern Mariana Islands,26,25.0
South Dakota,34,25.0
Delaware,25,25.0
Massachusetts,32,25.0
West Virginia,29,25.0
New York,1,25.0
Massachusetts,2,25.0
Rhode Island,20,25.0
Michigan,4,25.0
Oklahoma,26,25.0
American Samoa,27,25.0
Kentucky,17,25.0
Tennessee,26,25.0
Wisconsin,11,25.0
Florida,26,25.0
Utah,16,25.0
District of Columbia,10,25.0
South Carolina,26,25.0
Minnesota,22,25.0
Ohio,4,25.0
Colorado,12,25.0
Oregon,50,25.0
Kansas,23,25.0
Maine,21,25.0
North Dakota,4,25.0
Alaska,28,25.0
Connecticut,37,25.0
Colorado,50,25.0
Maryland,35,25.0
Indiana,5,25.0
Colorado,45,25.0
Virgin Islands,46,25.0
Northern Mariana Islands,1,25.0
Alaska,29,25.0
Delaware,18,25.0
California,29,25.0
Massachusetts,41,25.0
West Virginia,22,25.0
Rhode Island,19,25.0
Montana,25,25.0
Pennsylvania,26,25.0
American Samoa,18,25.0
Kentucky,10,25.0
Wisconsin,2,25.0
Utah,27,25.0
District of Columbia,3,25.0
Minnesota,31,25.0
Georgia,25,25.0
Kansas,12,25.0
Maine,28,25.0
Alabama,0,25.0
Michigan,15,25.0
Vermont,50,25.0
Louisiana,38,25.0
Northern Mariana Islands,8,25.0
Guam,17,25.0
Delaware,43,25.0
California,20,25.0
Massachusetts,46,25.0
Georgia,38,25.0
Pennsylvania,3,25.0
American Samoa,21,25.0
Kentucky,3,25.0
District of Columbia,24,25.0
Minnesota,0,25.0
Oregon,36,25.0
Kansas,5,25.0
Maine,7,25.0
Alabama,25,25.0
Wyoming,37,25.0
Guam,29,25.0
Alaska,10,25.0
Hawaii,4,25.0
Louisiana,47,25.0
Indiana,51,25.0
Massachusetts,21,25.0
Northern Mariana Islands,15,25.0
South Dakota,53,25.0
Minnesota,52,25.0
Delaware,44,25.0
California,15,25.0
Idaho,49,25.0
West Virginia,0,25.0
New Jersey,26,25.0
Alaska,47,25.0
Michigan,17,25.0
American Samoa,12,25.0
Kentucky,4,25.0
New Jersey,52,25.0
Wisconsin,48,25.0
District of Columbia,17,25.0
Oklahoma,32,25.0
Minnesota,9,25.0
Ohio,49,25.0
Oregon,47,25.0
Maine,14,25.0
Alabama,30,25.0
Wyoming,44,25.0
Hawaii,13,25.0
Louisiana,48,25.0
Indiana,42,25.0
North Dakota,46,25.0
South Dakota,14,25.0
Texas,6,25.0
Delaware,37,25.0
California,6,25.0
Montana,9,25.0
Michigan,24,25.0
American Samoa,7,25.0
New Hampshire,30,25.0
New York,13,25.0
Ohio,40,25.0
Wyoming,5,25.0
Maine,9,25.0
Alabama,23,25.0
Wyoming,51,25.0
Michigan,53,25.0
Missouri,35,25.0
Tennessee,44,25.0
Indiana,33,25.0
Connecticut,19,25.0
Pennsylvania,12,25.0
South Dakota,7,25.0
Texas,9,25.0
California,1,25.0
Idaho,35,25.0
Montana,2,25.0
Nevada,44,25.0
Missouri,19,25.0
Georgia,34,25.0
Wisconsin,46,25.0
New Hampshire,23,25.0
Ohio,35,25.0
Oregon,17,25.0
South Carolina,47,25.0
Mississippi,42,25.0
Alabama,44,25.0
Georgia,14,25.0
Missouri,42,25.0
Nebraska,29,25.0
Louisiana,2,25.0
Tennessee,35,25.0
Connecticut,10,25.0
South Dakota,24,25.0
Nebraska,47,25.0
Texas,16,25.0
Idaho,44,25.0
Montana,27,25.0
Vermont,27,25.0
New York,30,25.0
Massachusetts,11,25.0
Colorado,38,25.0
New Mexico,50,25.0
Nevada,37,25.0
Illinois,53,25.0
Minnesota,46,25.0
American Samoa,49,25.0
New Hampshire,25,25.0
Kentucky,47,25.0
Tennessee,17,25.0
Wisconsin,37,25.0
New Hampshire,12,25.0
Washington,15,25.0
Iowa,26,25.0
Oregon,24,25.0
Mississippi,33,25.0
Colorado,1,25.0
Wyoming,1,25.0
West Virginia,15,25.0
Missouri,45,25.0
Nebraska,22,25.0
Louisiana,11,25.0
New Jersey,43,25.0
Connecticut,5,25.0
South Dakota,17,25.0
Texas,27,25.0
Arizona,16,25.0
California,51,25.0
Idaho,21,25.0
Montana,28,25.0
Vermont,18,25.0
American Samoa,40,25.0
North Carolina,35,25.0
Kentucky,32,25.0
New Hampshire,5,25.0
Washington,4,25.0
Arkansas,33,25.0
Iowa,21,25.0
Maryland,29,25.0
Oregon,3,25.0
Wyoming,8,25.0
Missouri,20,25.0
Guam,4,25.0
Louisiana,12,25.0
New Jersey,32,25.0
Rhode Island,45,25.0
Northern Mariana Islands,52,25.0
Arizona,25,25.0
California,42,25.0
Idaho,30,25.0
Wyoming,25,25.0
Vermont,13,25.0
Hawaii,44,25.0
New Mexico,32,25.0
Florida,33,25.0
Nevada,51,25.0
South Carolina,37,25.0
American Samoa,35,25.0
North Carolina,40,25.0
New Hampshire,2,25.0
Washington,29,25.0
Arkansas,42,25.0
Iowa,12,25.0
Maryland,26,25.0
Oregon,10,25.0
Virgin Islands,23,25.0
Alabama,51,25.0
Wyoming,15,25.0
Guam,53,25.0
Missouri,31,25.0
Guam,3,25.0
Virginia,1,25.0
Louisiana,21,25.0
New Jersey,25,25.0
Virginia,11,25.0
Nebraska,39,25.0
Rhode Island,36,25.0
Texas,37,25.0
Arizona,2,25.0
California,37,25.0
Idaho,7,25.0
Montana,46,25.0
Vermont,4,25.0
New Jersey,19,25.0
New Mexico,41,25.0
Florida,42,25.0
Utah,32,25.0
Nevada,8,25.0
Illinois,34,25.0
South Carolina,42,25.0
North Carolina,49,25.0
Nebraska,19,25.0
Virginia,48,25.0
Kansas,46,25.0
Kansas,0,25.0
Nebraska,30,25.0
Washington,18,25.0
Arkansas,19,25.0
Iowa,7,25.0
Maryland,19,25.0
Mississippi,14,25.0
Virgin Islands,30,25.0
Northern Mariana Islands,49,25.0
Wyoming,22,25.0
Minnesota,27,25.0
Hawaii,51,25.0
Nebraska,1,25.0
Virginia,8,25.0
Louisiana,30,25.0
New Jersey,30,25.0
Missouri,5,25.0
Connecticut,46,25.0
Rhode Island,35,25.0
Missouri,30,25.0
Arizona,11,25.0
Idaho,0,25.0
Montana,39,25.0
Colorado,13,25.0
New Mexico,46,25.0
Florida,51,25.0
Utah,43,25.0
Nevada,1,25.0
Illinois,41,25.0
South Carolina,51,25.0
Colorado,24,25.0
Georgia,17,25.0
North Dakota,30,25.0
Colorado,19,25.0
Michigan,7,25.0
New Hampshire,48,25.0
Washington,43,25.0
Guam,0,25.0
Colorado,14,25.0
Arkansas,28,25.0
Maryland,8,25.0
Mississippi,5,25.0
Virgin Islands,1,25.0
Wyoming,29,25.0
Colorado,52,25.0
Missouri,9,25.0
Guam,49,25.0
Alaska,6,25.0
Virginia,15,25.0
New Jersey,23,25.0
Colorado,8,25.0
Alaska,27,25.0
Connecticut,41,25.0
Michigan,38,25.0
Arizona,12,25.0
North Dakota,39,25.0
Idaho,9,25.0
North Dakota,17,25.0
New Mexico,23,25.0
Utah,50,25.0
District of Columbia,40,25.0
Nevada,6,25.0
Illinois,16,25.0
New York,52,25.0
Oklahoma,15,25.0
Missouri,26,25.0
North Carolina,7,25.0
North Dakota,23,25.0
New Hampshire,41,25.0
Washington,32,25.0
Arkansas,5,25.0
Maryland,1,25.0
Mississippi,28,25.0
Virgin Islands,8,25.0
Nebraska,51,25.0
Virginia,22,25.0
West Virginia,48,25.0
New Jersey,12,25.0
New Jersey,34,25.0
Pennsylvania,30,25.0
Connecticut,32,25.0
Rhode Island,49,25.0
Guam,35,25.0
Michigan,33,25.0
Arizona,53,25.0
Montana,49,25.0
Vermont,49,25.0
New York,23,25.0
Massachusetts,48,25.0
North Dakota,19,25.0
New Mexico,28,25.0
Florida,5,25.0
Utah,53,25.0
District of Columbia,33,25.0
Nevada,31,25.0
Illinois,31,25.0
South Carolina,1,25.0
Oklahoma,6,25.0
North Carolina,12,25.0
North Dakota,8,25.0
New Hampshire,38,25.0
Arkansas,14,25.0
Iowa,48,25.0
Indiana,26,25.0
Mississippi,27,25.0
Virgin Islands,51,25.0
Northern Mariana Islands,38,25.0
Nebraska,44,25.0
Massachusetts,12,25.0
West Virginia,41,25.0
Tennessee,20,25.0
Rhode Island,8,25.0
Michigan,40,25.0
Colorado,25,25.0
Vermont,40,25.0
Pennsylvania,33,25.0
Florida,14,25.0
Nevada,20,25.0
Illinois,6,25.0
South Carolina,6,25.0
Minnesota,34,25.0
New Jersey,50,25.0
North Carolina,21,25.0
Kansas,35,25.0
Alabama,47,25.0
Iowa,43,25.0
Indiana,17,25.0
Mississippi,18,25.0
Northern Mariana Islands,45,25.0
Pennsylvania,4,25.0
Delaware,14,25.0
Guam,46,25.0
Massachusetts,53,25.0
West Virginia,34,25.0
Rhode Island,7,25.0
Pennsylvania,38,25.0
Arizona,39,25.0
Missouri,43,25.0
Vermont,35,25.0
Wisconsin,30,25.0
New Mexico,10,25.0
Florida,23,25.0
Utah,7,25.0
Alaska,19,25.0
Illinois,13,25.0
South Carolina,15,25.0
Oklahoma,20,25.0
Ohio,19,25.0
North Carolina,18,25.0
New York,43,25.0
Kansas,24,25.0
Maine,32,25.0
Iowa,34,25.0
Maryland,44,25.0
Indiana,8,25.0
Wisconsin,1,25.0
Northern Mariana Islands,20,25.0
New York,37,25.0
South Dakota,40,25.0
Delaware,7,25.0
Virginia,43,25.0
West Virginia,27,25.0
New York,6,25.0
Virginia,18,25.0
Rhode Island,30,25.0
Pennsylvania,47,25.0
Oklahoma,25,25.0
Arizona,40,25.0
Kentucky,31,25.0
New Jersey,8,25.0
Wisconsin,21,25.0
Florida,16,25.0
Utah,14,25.0
District of Columbia,12,25.0
South Carolina,20,25.0
Oklahoma,19,25.0
Ohio,10,25.0
North Carolina,27,25.0
North Dakota,51,25.0
Maine,43,25.0
Kansas,39,25.0
Maryland,37,25.0
Indiana,15,25.0
Virgin Islands,36,25.0
Northern Mariana Islands,27,25.0
South Dakota,33,25.0
Delaware,24,25.0
Virginia,50,25.0
West Virginia,28,25.0
Michigan,37,25.0
Rhode Island,21,25.0
Pennsylvania,16,25.0
Georgia,32,25.0
American Samoa,24,25.0
Kentucky,16,25.0
Wisconsin,12,25.0
Florida,25,25.0
Utah,17,25.0
District of Columbia,5,25.0
South Carolina,29,25.0
Minnesota,21,25.0
Ohio,5,25.0
Georgia,24,25.0
Oregon,51,25.0
North Dakota,52,25.0
Maine,18,25.0
Alabama,10,25.0
Michigan,14,25.0
Maryland,34,25.0
Indiana,6,25.0
Virgin Islands,47,25.0
Northern Mariana Islands,2,25.0
Alabama,53,25.0
Delaware,17,25.0
California,26,25.0
Massachusetts,40,25.0
West Virginia,21,25.0
Michigan,12,25.0
American Samoa,19,25.0
Kentucky,9,25.0
Wisconsin,3,25.0
Utah,24,25.0
District of Columbia,2,25.0
District of Columbia,37,25.0
Minnesota,30,25.0
Missouri,29,25.0
North Dakota,45,25.0
Maine,29,25.0
Nebraska,0,25.0
Alabama,3,25.0
Nebraska,6,25.0
Louisiana,37,25.0
Massachusetts,18,25.0
Northern Mariana Islands,9,25.0
South Dakota,51,25.0
Connecticut,24,25.0
Delaware,42,25.0
California,21,25.0
West Virginia,14,25.0
New Jersey,27,25.0
Alaska,46,25.0
Pennsylvania,2,25.0
American Samoa,10,25.0
Kentucky,2,25.0
Colorado,40,25.0
District of Columbia,27,25.0
Oklahoma,39,25.0
Minnesota,7,25.0
Oregon,37,25.0
North Dakota,38,25.0
Maine,4,25.0
Alabama,24,25.0
Georgia,18,25.0
Hawaii,3,25.0
Louisiana,46,25.0
Indiana,52,25.0
Connecticut,30,25.0
South Dakota,52,25.0
Delaware,35,25.0
California,12,25.0
Idaho,48,25.0
West Virginia,7,25.0
Nebraska,41,25.0
Michigan,30,25.0
American Samoa,13,25.0
Wisconsin,49,25.0
Nebraska,10,25.0
District of Columbia,16,25.0
Minnesota,8,25.0
Ohio,46,25.0
Oregon,44,25.0
Maine,15,25.0
Alabama,17,25.0
Wyoming,45,25.0
Hawaii,12,25.0
Indiana,43,25.0
Connecticut,25,25.0
Pennsylvania,13,25.0
South Dakota,13,25.0
Texas,7,25.0
Delaware,36,25.0
California,7,25.0
Montana,8,25.0
Missouri,7,25.0
Minnesota,43,25.0
Michigan,25,25.0
American Samoa,4,25.0
Guam,42,25.0
Hawaii,39,25.0
Guam,39,25.0
Wisconsin,40,25.0
Guam,30,25.0
Colorado,26,25.0
Arkansas,53,25.0
Ohio,41,25.0
Oregon,23,25.0
South Carolina,44,25.0
Guam,9,25.0
Mississippi,44,25.0
Alabama,22,25.0
Alaska,37,25.0
Guam,6,25.0
Missouri,32,25.0
Guam,19,25.0
Tennessee,45,25.0
Indiana,34,25.0
North Dakota,47,25.0
Connecticut,16,25.0
South Dakota,6,25.0
Texas,14,25.0
Idaho,34,25.0
Montana,1,25.0
New York,31,25.0
Alaska,25,25.0
Virginia,25,25.0
Colorado,39,25.0
Nevada,47,25.0
Oklahoma,16,25.0
Kentucky,53,25.0
New Jersey,1,25.0
Wisconsin,47,25.0
New Hampshire,22,25.0
Washington,9,25.0
Guam,13,25.0
Ohio,32,25.0
Oregon,30,25.0
Mississippi,43,25.0
Colorado,2,25.0
Georgia,15,25.0
Hawaii,30,25.0
Guam,23,25.0
New Hampshire,53,25.0
Louisiana,1,25.0
New Jersey,53,25.0
Connecticut,11,25.0
South Dakota,31,25.0
Texas,17,25.0
Oregon,22,25.0
Idaho,43,25.0
Montana,26,25.0
Vermont,24,25.0
New Mexico,53,25.0
Nevada,36,25.0
North Carolina,37,25.0
Kentucky,46,25.0
Wisconsin,38,25.0
New Hampshire,15,25.0
Washington,14,25.0
Arkansas,39,25.0
Iowa,27,25.0
Georgia,7,25.0
Oregon,25,25.0
Mississippi,34,25.0
Alabama,36,25.0
Wyoming,2,25.0
Missouri,18,25.0
Nebraska,21,25.0
Louisiana,10,25.0
New Jersey,42,25.0
Connecticut,2,25.0
South Dakota,16,25.0
Texas,24,25.0
Arizona,23,25.0
Hawaii,22,25.0
Idaho,20,25.0
Montana,19,25.0
Vermont,19,25.0
District of Columbia,13,25.0
Florida,39,25.0
